{"Version":1,"ManifestType":"Publish","Endpoints":[{"Route":"Logs/log-20251204.bbtm1xh63c.txt","AssetFile":"Logs/log-20251204.txt","Selectors":[],"ResponseHeaders":[{"Name":"Accept-Ranges","Value":"bytes"},{"Name":"Cache-Control","Value":"max-age=31536000, immutable"},{"Name":"Content-Length","Value":"41087"},{"Name":"Content-Type","Value":"text/plain"},{"Name":"ETag","Value":"\"GW3uJ3VdZPbW2jt0pHxdTUQEVr9FR41dRcNsHgdyQcE=\""},{"Name":"Last-Modified","Value":"Thu, 04 Dec 2025 14:01:51 GMT"}],"EndpointProperties":[{"Name":"fingerprint","Value":"bbtm1xh63c"},{"Name":"integrity","Value":"sha256-GW3uJ3VdZPbW2jt0pHxdTUQEVr9FR41dRcNsHgdyQcE="},{"Name":"label","Value":"Logs/log-20251204.txt"}]},{"Route":"Logs/log-20251204.txt","AssetFile":"Logs/log-20251204.txt","Selectors":[],"ResponseHeaders":[{"Name":"Accept-Ranges","Value":"bytes"},{"Name":"Cache-Control","Value":"no-cache"},{"Name":"Content-Length","Value":"41087"},{"Name":"Content-Type","Value":"text/plain"},{"Name":"ETag","Value":"\"GW3uJ3VdZPbW2jt0pHxdTUQEVr9FR41dRcNsHgdyQcE=\""},{"Name":"Last-Modified","Value":"Thu, 04 Dec 2025 14:01:51 GMT"}],"EndpointProperties":[{"Name":"integrity","Value":"sha256-GW3uJ3VdZPbW2jt0pHxdTUQEVr9FR41dRcNsHgdyQcE="}]}]}